,perm_accuracy_mean,perm_f1_macro_mean,perm_high_recall_mean,perm_balanced_acc_mean,perm_accuracy_std,perm_f1_macro_std,perm_high_recall_std,perm_balanced_acc_std,impurity_based
Age,0.0007500000000000395,-0.005798111603598055,-0.024999999999999994,-0.012370777370777375,0.004337337893224362,0.01300990725970273,0.03354101966249684,0.012506174337708582,0.048943485009418454
Air_Pollution,0.04700000000000003,0.13395620772248398,0.13499999999999998,0.1316341066341066,0.014221462653327894,0.04098530020368082,0.09759610647971567,0.037209839704654496,0.14771996501588397
Alcohol_Use,0.04950000000000002,0.09333290671028577,0.08499999999999999,0.07556980056980052,0.010295630140987,0.021531120296104243,0.045,0.020004530099696747,0.1325102566957063
BMI,3.3306690738754695e-17,0.002026596362860489,0.009999999999999998,-0.0017623117623118078,0.004873397172404475,0.009690259080832717,0.019999999999999997,0.0065105258797006505,0.04512955015904202
BRCA_Mutation,0.00025000000000000575,0.000394202294571544,0.0,0.000512820512820511,0.0007500000000000173,0.001182606883714632,0.0,0.001538461538461533,0.002063711631299124
Calcium_Intake,0.003750000000000031,0.015232580307208487,0.029999999999999992,0.011359381359381315,0.00539096466321196,0.015764348107782985,0.039999999999999994,0.014197516020569288,0.031101170240904467
Diet_Red_Meat,0.03750000000000002,0.06109242650140817,0.009999999999999998,0.044228734228734176,0.010307764064044118,0.023520257780814808,0.04898979485566355,0.02683047690248276,0.08730568709500248
Diet_Salted_Processed,0.029250000000000043,0.07543379877324877,0.07999999999999999,0.07601953601953598,0.005129571132170796,0.02993443207475795,0.0714142842854285,0.02810934425520414,0.10693394294843693
Family_History,-0.0017499999999999738,-0.002738217041342883,0.0,-0.0035897435897436435,0.003172144385112385,0.003478357237400323,0.0,0.0029686934437009043,0.00829620419807785
Fruit_Veg_Intake,-0.003999999999999981,-0.00543735878120567,-0.004999999999999999,0.0008160358160357762,0.0053851648071344994,0.02285243120178674,0.05678908345800272,0.021465801944462036,0.03926620944514308
Gender,0.000250000000000028,0.0012248099506885434,0.0,0.002547822547822509,0.0028394541729001416,0.0038630613141902533,0.0,0.004391087385019537,0.007770278047277505
H_Pylori_Infection,-0.004749999999999965,-0.003108982511498282,0.009999999999999998,-0.0025518925518926094,0.0026100766272276307,0.00715058524629772,0.019999999999999997,0.006720975560837868,0.008231038279665485
Obesity,0.03025000000000002,0.06175201915350524,0.08499999999999999,0.03811762311762307,0.012422258248804824,0.028589747915787608,0.05024937810560445,0.030935701014519812,0.062210650470378576
Occupational_Hazards,0.033000000000000015,0.06545887434054018,0.05499999999999998,0.05677859177859175,0.011979148550710937,0.026177678157686984,0.04716990566028301,0.023257444255633725,0.09581924537786383
Physical_Activity,0.0032500000000000194,0.0025058290132684347,0.0,-0.0014733414733415161,0.004038873605350872,0.005019787676573721,0.0,0.004442901152976657,0.03815128679509786
Physical_Activity_Level,-0.004249999999999965,-0.008485832790264746,-0.004999999999999999,-0.010278795278795294,0.004879805323985779,0.016053096908977323,0.03499999999999999,0.014036406289653731,0.030496093500498693
Smoking,0.043500000000000025,0.10325743184144395,0.09499999999999999,0.10504884004883999,0.012051970793193945,0.027156936829242077,0.04716990566028302,0.02275214629336821,0.10805122509030349
